<?xml version='1.1' encoding='UTF-8'?>
<result plugin="junit@1.27">
  <suites>
    <suite>
      <file>/var/jenkins_home/workspace/11_Java_SampleApp_APITest/tests/junitformatted.xml</file>
      <name>validateTestUser</name>
      <duration>6.033</duration>
      <timestamp>2019-03-26T11:02:22.056Z</timestamp>
      <id>6fcba5d9-3dbc-4226-99fe-f26a82629ca0</id>
      <time>6.033</time>
      <nodeId>38</nodeId>
      <enclosingBlocks>
        <string>15</string>
        <string>4</string>
      </enclosingBlocks>
      <enclosingBlockNames>
        <string>NewmanAPI</string>
        <string>API Testing</string>
      </enclosingBlockNames>
      <cases>
        <case>
          <duration>0.1</duration>
          <className>Git</className>
          <testName>Testcase 1 - Validate Test User</testName>
          <skipped>false</skipped>
          <failedSince>0</failedSince>
        </case>
      </cases>
    </suite>
    <suite>
      <file>/var/jenkins_home/workspace/11_Java_SampleApp_APITest/tests/junitformatted.xml</file>
      <name>validateAdminUser</name>
      <duration>0.68</duration>
      <timestamp>2019-03-26T11:02:22.056Z</timestamp>
      <id>36a43af5-87a3-4623-b9f9-9944dfba1e07</id>
      <time>0.680</time>
      <nodeId>38</nodeId>
      <enclosingBlocks>
        <string>15</string>
        <string>4</string>
      </enclosingBlocks>
      <enclosingBlockNames>
        <string>NewmanAPI</string>
        <string>API Testing</string>
      </enclosingBlockNames>
      <cases>
        <case>
          <duration>0.1</duration>
          <className>Git</className>
          <testName>Testcase 2 - Validate Admin User</testName>
          <skipped>false</skipped>
          <failedSince>0</failedSince>
        </case>
      </cases>
    </suite>
    <suite>
      <file>/var/jenkins_home/workspace/11_Java_SampleApp_APITest/tests/junitformatted.xml</file>
      <name>appapiadminrole</name>
      <duration>0.398</duration>
      <timestamp>2019-03-26T11:02:22.056Z</timestamp>
      <id>a41f9f5c-da67-4d22-9fa9-1af17821290e</id>
      <time>0.398</time>
      <nodeId>38</nodeId>
      <enclosingBlocks>
        <string>15</string>
        <string>4</string>
      </enclosingBlocks>
      <enclosingBlockNames>
        <string>NewmanAPI</string>
        <string>API Testing</string>
      </enclosingBlockNames>
      <cases>
        <case>
          <duration>0.1</duration>
          <className>Git</className>
          <testName>Testcase 3 - Validate Admin Role</testName>
          <skipped>false</skipped>
          <failedSince>0</failedSince>
        </case>
        <case>
          <duration>0.1</duration>
          <className>Git</className>
          <testName>Testcase 4 - Get User Name</testName>
          <skipped>false</skipped>
          <failedSince>0</failedSince>
        </case>
      </cases>
    </suite>
  </suites>
  <duration>7.111</duration>
  <keepLongStdio>false</keepLongStdio>
</result>