<?xml version='1.1' encoding='UTF-8'?>
<Tag plugin="workflow-support@3.2">
  <node class="cps.n.StepStartNode" plugin="workflow-cps@2.63">
    <parentIds>
      <string>3</string>
    </parentIds>
    <id>4</id>
    <descriptorId>org.jenkinsci.plugins.workflow.support.steps.StageStep</descriptorId>
  </node>
  <actions>
    <wf.a.BodyInvocationAction plugin="workflow-api@2.33"/>
    <wf.a.LabelAction plugin="workflow-api@2.33">
      <displayName>Smoke Testing</displayName>
    </wf.a.LabelAction>
    <wf.a.TimingAction plugin="workflow-api@2.33">
      <startTime>1553599222355</startTime>
    </wf.a.TimingAction>
    <wf.a.TagsAction plugin="workflow-api@2.33">
      <tags>
        <entry>
          <string>STAGE_STATUS</string>
          <string>FAILED_AND_CONTINUED</string>
        </entry>
      </tags>
    </wf.a.TagsAction>
  </actions>
</Tag>