<?xml version='1.1' encoding='UTF-8'?>
<Tag plugin="workflow-support@3.2">
  <node class="cps.n.StepAtomNode" plugin="workflow-cps@2.63">
    <parentIds>
      <string>40</string>
    </parentIds>
    <id>41</id>
    <descriptorId>hudson.tasks.junit.pipeline.JUnitResultsStep</descriptorId>
  </node>
  <actions>
    <cps.a.ArgumentsActionImpl plugin="workflow-cps@2.63">
      <arguments>
        <entry>
          <string>testResults</string>
          <string>tests/*.xml</string>
        </entry>
      </arguments>
      <isUnmodifiedBySanitization>true</isUnmodifiedBySanitization>
    </cps.a.ArgumentsActionImpl>
    <wf.a.TimingAction plugin="workflow-api@2.33">
      <startTime>1553599274079</startTime>
    </wf.a.TimingAction>
    <s.a.LogStorageAction/>
    <wf.a.ErrorAction plugin="workflow-api@2.33">
      <error class="hudson.AbortException">
        <detailMessage>No test report files were found. Configuration error?</detailMessage>
        <stackTrace>
          <trace>hudson.tasks.junit.JUnitParser$ParseResultCallable.invoke(JUnitParser.java:154)</trace>
          <trace>hudson.tasks.junit.JUnitParser$ParseResultCallable.invoke(JUnitParser.java:118)</trace>
          <trace>hudson.FilePath.act(FilePath.java:1078)</trace>
          <trace>hudson.FilePath.act(FilePath.java:1061)</trace>
          <trace>hudson.tasks.junit.JUnitParser.parseResult(JUnitParser.java:114)</trace>
          <trace>hudson.tasks.junit.JUnitResultArchiver.parse(JUnitResultArchiver.java:137)</trace>
          <trace>hudson.tasks.junit.JUnitResultArchiver.parseAndAttach(JUnitResultArchiver.java:167)</trace>
          <trace>hudson.tasks.junit.pipeline.JUnitResultsStepExecution.run(JUnitResultsStepExecution.java:50)</trace>
          <trace>hudson.tasks.junit.pipeline.JUnitResultsStepExecution.run(JUnitResultsStepExecution.java:23)</trace>
          <trace>org.jenkinsci.plugins.workflow.steps.SynchronousNonBlockingStepExecution.lambda$start$0(SynchronousNonBlockingStepExecution.java:47)</trace>
          <trace>java.util.concurrent.Executors$RunnableAdapter.call(Executors.java:511)</trace>
          <trace>java.util.concurrent.FutureTask.run(FutureTask.java:266)</trace>
          <trace>java.util.concurrent.ThreadPoolExecutor.runWorker(ThreadPoolExecutor.java:1149)</trace>
          <trace>java.util.concurrent.ThreadPoolExecutor$Worker.run(ThreadPoolExecutor.java:624)</trace>
          <trace>java.lang.Thread.run(Thread.java:748)</trace>
        </stackTrace>
        <suppressedExceptions class="java.util.Collections$UnmodifiableRandomAccessList" resolves-to="java.util.Collections$UnmodifiableList">
          <c class="list"/>
          <list reference="../c"/>
        </suppressedExceptions>
      </error>
    </wf.a.ErrorAction>
  </actions>
</Tag>