<?xml version='1.1' encoding='UTF-8'?>
<Tag plugin="workflow-support@3.2">
  <node class="cps.n.StepStartNode" plugin="workflow-cps@2.63">
    <parentIds>
      <string>7</string>
    </parentIds>
    <id>8</id>
    <descriptorId>org.jenkinsci.plugins.workflow.steps.EnvStep</descriptorId>
  </node>
  <actions>
    <s.a.LogStorageAction/>
    <cps.a.ArgumentsActionImpl plugin="workflow-cps@2.63">
      <arguments>
        <entry>
          <string>overrides</string>
          <list>
            <string>GIT_BRANCH=origin/taco-smoke</string>
            <string>GIT_COMMIT=7064f65b0eda51b64133d51f100c0f06c2f0cd7a</string>
            <string>GIT_PREVIOUS_COMMIT=7064f65b0eda51b64133d51f100c0f06c2f0cd7a</string>
            <string>GIT_URL=https://github.com/jogijatin15/web-ui</string>
          </list>
        </entry>
      </arguments>
      <isUnmodifiedBySanitization>true</isUnmodifiedBySanitization>
    </cps.a.ArgumentsActionImpl>
    <wf.a.TimingAction plugin="workflow-api@2.33">
      <startTime>1553599223439</startTime>
    </wf.a.TimingAction>
  </actions>
</Tag>