<?xml version='1.1' encoding='UTF-8'?>
<Tag plugin="workflow-support@3.2">
  <node class="cps.n.StepStartNode" plugin="workflow-cps@2.63">
    <parentIds>
      <string>7</string>
    </parentIds>
    <id>8</id>
    <descriptorId>org.jenkinsci.plugins.workflow.steps.EnvStep</descriptorId>
  </node>
  <actions>
    <s.a.LogStorageAction/>
    <cps.a.ArgumentsActionImpl plugin="workflow-cps@2.63">
      <arguments>
        <entry>
          <string>overrides</string>
          <list>
            <string>GIT_BRANCH=origin/master</string>
            <string>GIT_COMMIT=436f2220700b6e8a245098ceac4e127f3f91e518</string>
            <string>GIT_PREVIOUS_COMMIT=436f2220700b6e8a245098ceac4e127f3f91e518</string>
            <string>GIT_PREVIOUS_SUCCESSFUL_COMMIT=436f2220700b6e8a245098ceac4e127f3f91e518</string>
            <string>GIT_URL=https://github.com/swethacts/Smoke</string>
          </list>
        </entry>
      </arguments>
      <isUnmodifiedBySanitization>true</isUnmodifiedBySanitization>
    </cps.a.ArgumentsActionImpl>
    <wf.a.TimingAction plugin="workflow-api@2.33">
      <startTime>1553596699603</startTime>
    </wf.a.TimingAction>
  </actions>
</Tag>