<?xml version='1.1' encoding='UTF-8'?>
<Tag plugin="workflow-support@3.2">
  <node class="org.jenkinsci.plugins.workflow.graph.FlowEndNode" plugin="workflow-api@2.33">
    <parentIds>
      <string>51</string>
    </parentIds>
    <id>52</id>
    <startId>2</startId>
    <result>
      <name>FAILURE</name>
      <ordinal>2</ordinal>
      <color>RED</color>
      <completeBuild>true</completeBuild>
    </result>
  </node>
  <actions>
    <wf.a.ErrorAction plugin="workflow-api@2.33">
      <error class="hudson.AbortException">
        <detailMessage>No test report files were found. Configuration error?</detailMessage>
        <stackTrace>
          <trace>hudson.tasks.junit.JUnitParser$ParseResultCallable.invoke(JUnitParser.java:154)</trace>
          <trace>hudson.tasks.junit.JUnitParser$ParseResultCallable.invoke(JUnitParser.java:118)</trace>
          <trace>hudson.FilePath.act(FilePath.java:1078)</trace>
          <trace>hudson.FilePath.act(FilePath.java:1061)</trace>
          <trace>hudson.tasks.junit.JUnitParser.parseResult(JUnitParser.java:114)</trace>
          <trace>hudson.tasks.junit.JUnitResultArchiver.parse(JUnitResultArchiver.java:137)</trace>
          <trace>hudson.tasks.junit.JUnitResultArchiver.parseAndAttach(JUnitResultArchiver.java:167)</trace>
          <trace>hudson.tasks.junit.pipeline.JUnitResultsStepExecution.run(JUnitResultsStepExecution.java:50)</trace>
          <trace>hudson.tasks.junit.pipeline.JUnitResultsStepExecution.run(JUnitResultsStepExecution.java:23)</trace>
          <trace>org.jenkinsci.plugins.workflow.steps.SynchronousNonBlockingStepExecution.lambda$start$0(SynchronousNonBlockingStepExecution.java:47)</trace>
          <trace>java.util.concurrent.Executors$RunnableAdapter.call(Executors.java:511)</trace>
          <trace>java.util.concurrent.FutureTask.run(FutureTask.java:266)</trace>
          <trace>java.util.concurrent.ThreadPoolExecutor.runWorker(ThreadPoolExecutor.java:1149)</trace>
          <trace>java.util.concurrent.ThreadPoolExecutor$Worker.run(ThreadPoolExecutor.java:624)</trace>
          <trace>java.lang.Thread.run(Thread.java:748)</trace>
        </stackTrace>
        <suppressedExceptions class="java.util.Collections$UnmodifiableRandomAccessList" resolves-to="java.util.Collections$UnmodifiableList">
          <c class="list"/>
          <list reference="../c"/>
        </suppressedExceptions>
      </error>
    </wf.a.ErrorAction>
    <wf.a.TimingAction plugin="workflow-api@2.33">
      <startTime>1553599171367</startTime>
    </wf.a.TimingAction>
  </actions>
</Tag>