<?xml version='1.1' encoding='UTF-8'?>
<result plugin="junit@1.27">
  <suites>
    <suite>
      <file>/var/jenkins_home/workspace/08_Java_SampleApp_SmokeTest/tests/xmloutput.xml</file>
      <name>Smoke Suite for the Community Application</name>
      <duration>37.407</duration>
      <timestamp>2019-03-26T10:58:26</timestamp>
      <time>37.407</time>
      <nodeId>38</nodeId>
      <enclosingBlocks>
        <string>15</string>
        <string>4</string>
      </enclosingBlocks>
      <enclosingBlockNames>
        <string>Smoke</string>
        <string>Smoke Testing</string>
      </enclosingBlockNames>
      <cases>
        <case>
          <duration>18.788</duration>
          <className>Smoke Suite for the Community Application</className>
          <testName>Test the SignUp Page with Elements</testName>
          <skipped>false</skipped>
          <failedSince>0</failedSince>
        </case>
        <case>
          <duration>6.51</duration>
          <className>Smoke Suite for the Community Application</className>
          <testName>Test the LOGIN Functionality</testName>
          <skipped>false</skipped>
          <failedSince>0</failedSince>
        </case>
        <case>
          <duration>12.109</duration>
          <className>Smoke Suite for the Community Application</className>
          <testName>Test the Add Post Functionality</testName>
          <skipped>false</skipped>
          <failedSince>0</failedSince>
        </case>
      </cases>
    </suite>
  </suites>
  <duration>37.407</duration>
  <keepLongStdio>false</keepLongStdio>
</result>