<?xml version='1.1' encoding='UTF-8'?>
<Tag plugin="workflow-support@3.2">
  <node class="cps.n.StepStartNode" plugin="workflow-cps@2.63">
    <parentIds>
      <string>10</string>
    </parentIds>
    <id>11</id>
    <descriptorId>org.jenkinsci.plugins.docker.workflow.WithContainerStep</descriptorId>
  </node>
  <actions>
    <s.a.LogStorageAction/>
    <cps.a.ArgumentsActionImpl plugin="workflow-cps@2.63">
      <arguments>
        <entry>
          <string>args</string>
          <string></string>
        </entry>
        <entry>
          <string>image</string>
          <string>weremsoft/gulp-xvfb-headless-chrome-protractor</string>
        </entry>
        <entry>
          <string>toolName</string>
          <null/>
        </entry>
      </arguments>
      <isUnmodifiedBySanitization>true</isUnmodifiedBySanitization>
    </cps.a.ArgumentsActionImpl>
    <wf.a.TimingAction plugin="workflow-api@2.33">
      <startTime>1553597974897</startTime>
    </wf.a.TimingAction>
  </actions>
</Tag>