<?xml version='1.1' encoding='UTF-8'?>
<result plugin="junit@1.27">
  <suites>
    <suite>
      <file>/var/jenkins_home/workspace/10_Java_SampleApp_RegressionTest/tests/xmloutput.xml</file>
      <name>Regression Suite for the Community Application</name>
      <duration>54.091</duration>
      <timestamp>2019-03-26T10:48:29</timestamp>
      <time>54.091</time>
      <nodeId>38</nodeId>
      <enclosingBlocks>
        <string>15</string>
        <string>4</string>
      </enclosingBlocks>
      <enclosingBlockNames>
        <string>Regression</string>
        <string>Regression Testing</string>
      </enclosingBlockNames>
      <cases>
        <case>
          <duration>22.454</duration>
          <className>Regression Suite for the Community Application</className>
          <testName>Testcase001 &gt; Test the LOGIN Functionality</testName>
          <skipped>false</skipped>
          <failedSince>0</failedSince>
        </case>
        <case>
          <duration>15.171</duration>
          <className>Regression Suite for the Community Application</className>
          <testName>Testcase002 &gt; Test the SignUp Functionality</testName>
          <skipped>false</skipped>
          <failedSince>0</failedSince>
        </case>
        <case>
          <duration>16.463</duration>
          <className>Regression Suite for the Community Application</className>
          <testName>Testcase003 &gt; Test the Add Post functionality</testName>
          <skipped>false</skipped>
          <failedSince>0</failedSince>
        </case>
      </cases>
    </suite>
  </suites>
  <duration>54.091</duration>
  <keepLongStdio>false</keepLongStdio>
</result>