<?xml version='1.1' encoding='UTF-8'?>
<Tag plugin="workflow-support@3.2">
  <node class="cps.n.StepStartNode" plugin="workflow-cps@2.63">
    <parentIds>
      <string>13</string>
    </parentIds>
    <id>15</id>
    <descriptorId>org.jenkinsci.plugins.workflow.cps.steps.ParallelStep</descriptorId>
  </node>
  <actions>
    <wf.a.BodyInvocationAction plugin="workflow-api@2.33"/>
    <org.jenkinsci.plugins.workflow.cps.steps.ParallelStepExecution_-ParallelLabelAction plugin="workflow-cps@2.63">
      <branchName>Smoke</branchName>
    </org.jenkinsci.plugins.workflow.cps.steps.ParallelStepExecution_-ParallelLabelAction>
    <wf.a.TimingAction plugin="workflow-api@2.33">
      <startTime>1553597856844</startTime>
    </wf.a.TimingAction>
  </actions>
</Tag>