<?xml version='1.1' encoding='UTF-8'?>
<Tag plugin="workflow-support@3.2">
  <node class="cps.n.StepAtomNode" plugin="workflow-cps@2.63">
    <parentIds>
      <string>26</string>
    </parentIds>
    <id>27</id>
    <descriptorId>jenkins.plugins.slack.workflow.SlackSendStep</descriptorId>
  </node>
  <actions>
    <cps.a.ArgumentsActionImpl plugin="workflow-cps@2.63">
      <arguments>
        <entry>
          <string>color</string>
          <wf.a.ArgumentsAction_-NotStoredReason>MASKED_VALUE</wf.a.ArgumentsAction_-NotStoredReason>
        </entry>
        <entry>
          <string>message</string>
          <string>Executing TestCase 2: *Test the LOGIN Functionality*</string>
        </entry>
      </arguments>
      <isUnmodifiedBySanitization>false</isUnmodifiedBySanitization>
    </cps.a.ArgumentsActionImpl>
    <wf.a.TimingAction plugin="workflow-api@2.33">
      <startTime>1553597880451</startTime>
    </wf.a.TimingAction>
    <s.a.LogStorageAction/>
  </actions>
</Tag>