<?xml version='1.1' encoding='UTF-8'?>
<Tag plugin="workflow-support@3.2">
  <node class="cps.n.StepAtomNode" plugin="workflow-cps@2.63">
    <parentIds>
      <string>37</string>
    </parentIds>
    <id>38</id>
    <descriptorId>hudson.tasks.junit.pipeline.JUnitResultsStep</descriptorId>
  </node>
  <actions>
    <cps.a.ArgumentsActionImpl plugin="workflow-cps@2.63">
      <arguments>
        <entry>
          <string>testResults</string>
          <string>tests/*.xml</string>
        </entry>
      </arguments>
      <isUnmodifiedBySanitization>true</isUnmodifiedBySanitization>
    </cps.a.ArgumentsActionImpl>
    <wf.a.TimingAction plugin="workflow-api@2.33">
      <startTime>1553597944963</startTime>
    </wf.a.TimingAction>
    <s.a.LogStorageAction/>
  </actions>
</Tag>