<?xml version='1.1' encoding='UTF-8'?>
<result plugin="junit@1.27">
  <suites>
    <suite>
      <file>/var/jenkins_home/workspace/11_Java_SampleApp_APITest/tests/junitformatted.xml</file>
      <name>validateTestUser</name>
      <duration>5.958</duration>
      <timestamp>2019-03-26T10:50:30.149Z</timestamp>
      <id>16344221-6588-4c39-8964-050bc7a8ff09</id>
      <time>5.958</time>
      <nodeId>38</nodeId>
      <enclosingBlocks>
        <string>15</string>
        <string>4</string>
      </enclosingBlocks>
      <enclosingBlockNames>
        <string>NewmanAPI</string>
        <string>API Testing</string>
      </enclosingBlockNames>
      <cases>
        <case>
          <duration>0.1</duration>
          <className>Git</className>
          <testName>Testcase 1 - Validate Test User</testName>
          <skipped>false</skipped>
          <failedSince>0</failedSince>
        </case>
      </cases>
    </suite>
    <suite>
      <file>/var/jenkins_home/workspace/11_Java_SampleApp_APITest/tests/junitformatted.xml</file>
      <name>validateAdminUser</name>
      <duration>0.628</duration>
      <timestamp>2019-03-26T10:50:30.149Z</timestamp>
      <id>2f45696e-e2af-49e6-8f8a-a2bd6f0cfb75</id>
      <time>0.628</time>
      <nodeId>38</nodeId>
      <enclosingBlocks>
        <string>15</string>
        <string>4</string>
      </enclosingBlocks>
      <enclosingBlockNames>
        <string>NewmanAPI</string>
        <string>API Testing</string>
      </enclosingBlockNames>
      <cases>
        <case>
          <duration>0.1</duration>
          <className>Git</className>
          <testName>Testcase 2 - Validate Admin User</testName>
          <skipped>false</skipped>
          <failedSince>0</failedSince>
        </case>
      </cases>
    </suite>
    <suite>
      <file>/var/jenkins_home/workspace/11_Java_SampleApp_APITest/tests/junitformatted.xml</file>
      <name>appapiadminrole</name>
      <duration>0.378</duration>
      <timestamp>2019-03-26T10:50:30.149Z</timestamp>
      <id>7ac71f11-bb1b-4a39-be46-f733bbc141f3</id>
      <time>0.378</time>
      <nodeId>38</nodeId>
      <enclosingBlocks>
        <string>15</string>
        <string>4</string>
      </enclosingBlocks>
      <enclosingBlockNames>
        <string>NewmanAPI</string>
        <string>API Testing</string>
      </enclosingBlockNames>
      <cases>
        <case>
          <duration>0.1</duration>
          <className>Git</className>
          <testName>Testcase 3 - Validate Admin Role</testName>
          <skipped>false</skipped>
          <failedSince>0</failedSince>
        </case>
        <case>
          <duration>0.1</duration>
          <className>Git</className>
          <testName>Testcase 4 - Get User Name</testName>
          <skipped>false</skipped>
          <failedSince>0</failedSince>
        </case>
      </cases>
    </suite>
  </suites>
  <duration>6.964</duration>
  <keepLongStdio>false</keepLongStdio>
</result>